PDF Bestandsnaam,Domein,Vraag
2025I.txt,Afweer,lees verder Uit het onderzoek blijkt dat de milt bij de Baja u mannen gemid
2025I.txt,Onbekend,deld groter is dan bij de Saluan mannen
2025I.txt,Afweer,"Uit dit onderzoek is niet af te leiden of een grotere milt erfelijk is, of dat"
2025I.txt,Afweer,"Om dat te bepalen, moet in een vervolgonderzoek de miltgrootte van twee andere groepen met elkaar vergeleken worden"
2025I.txt,Afweer,Noteer twee groepen waarvan de milt grootte met elkaar moet worden vergeleken om hier duideli jkheid over te krijgen
2025I.txt,Onbekend,Beschrijf h t resultaat van het ve
2025I.txt,Afweer,erzoek waaruit blijkt dat een grotere milt erfelijk is
2025I.txt,Waarnemen,De grootte van de milt wordt alleen bepaald door het gen op chromosoom
2025I.txt,Onbekend,"Schrijf de nummers , en onder elkaar"
2025I.txt,Onbekend,Noteer erachter of de bijbehorende uitspraak of
2025I.txt,Bloedsomloop,een juiste conclusie is op basis van de gegevens in het informatiekader
2025I.txt,Onbekend,t gevolg is v
2025I.txt,Afweer,Beschrijf hoe evolutie tot een grotere milt k an hebben geleid
2025I.txt,Waarnemen,lees verder Insecticiden worden in de landbouw gebruikt om insecten te doden die voedselgewassen aantasten
2025I.txt,Waarnemen,Bepaal de insecticiden \ zoals het verboden middel DDT\ zijn een grote bedreiging voor de gezondheid van toppredatoren zoals de zeeare
2025I.txt,Waarnemen,gevoelig zijn voor het gif als zeearenden
2025I.txt,Onbekend,Leg uit dat de zeearend ernstige gezondheidssc
2025I.txt,Onbekend,lees verder De Bajau De Bajau \ afbeelding \ is een volk van zeenomaden in Indonesi
2025I.txt,Onbekend,Ze zijn in staat om lang onder water te blijv
2025I.txt,Onbekend,afbeelding Veel Bajau mannen vissen met behulp van een harpoen
2025I.txt,Onbekend,Ze duiken hierbij zonder duikuitrusting tot wel meter diep en kunnen tien minuten ond
2025I.txt,Onbekend,er water blijv
2025I.txt,Ademhaling,"Om lang zijn adem in te kunnen houden, kan een duiker vooraf een aantal keer diep in en uitademen"
2025I.txt,Onbekend,Dit vergr oot de hoeveelheid zuurs
2025I.txt,Waarnemen,"De duiker kan hierdoor echter buiten bewus tzijn raken voordat de ademprikkel ontstaat, en kan zo verdrinken"
2025I.txt,Ademhaling,Door het inhouden van de adem wordt het restvolume van de longen groter
2025I.txt,Bloedsomloop,"De duiker raakt buiten bewustzijn, doordat de O concentratie in zijn bloed te laag wordt"
2025I.txt,Onbekend,Noteer erachter of de bijbehorende uitspraak Uit onderzoek bij zee
2025I.txt,Afweer,honden is bekend dat er een relatie is tussen de grootte van de milt en de maximale duikt ijd
2025I.txt,Afweer,stoftekort kan de milt samentrekken om extra rode bl
2025I.txt,Zenuwstelsel en hormonen,"Wetenschappers denken dat het sam entrekken van de milt aan het begin van een duik, wordt veroorzaakt door signalen van het deel van het zenuwstelsel dat het lichaam gereedmaakt voor actie"
2025I.txt,Zenuwstelsel en hormonen,Welk deel van het zenuwstelsel is dat
2025I.txt,Zenuwstelsel en hormonen,elsel het parasympathisch zenuwstelsel het orthosympathisch zenuwstelsel lees verder Als er jonge zeearenden uit het ei zijn gek
2025I.txt,Erfelijkheid,Zo kunnen onderzoekers inzicht krijgen in paarvorming en migratie van deze vogels
2025I.txt,Waarnemen,"bijvoorbeeld ook paartjes te vormen met Duitse zeearenden, en ook met niet geringde zeearenden waarvan de herkomst onbekend is"
2025I.txt,Waarnemen,Voor het voortbestaan van een popul atie zeearenden is paarvorming met zeearenden uit andere gebied
2025I.txt,Onbekend,Leg uit waarom het belangrijk is
2025I.txt,Onbekend,dat er paarvorming is met individuen u
2025I.txt,Erfelijkheid,De broedpogingen van de z eearend zijn niet altijd s
2025I.txt,Waarnemen,In andere gevallen zijn abiotische factoren verantwoordelijk v oor een lager broedsucc
2025I.txt,Waarnemen,Licht met een voorbeeld toe hoe een abiotische factor een lager
2025I.txt,Erfelijkheid,Bij het ringen wordt het geslacht van de jonge zeear
2025I.txt,Onbekend,end bepaald
2025I.txt,Onbekend,ganen zijn niet uiterlijk zic
2025I.txt,Onbekend,Er zijn wel and
2025I.txt,Onbekend,Er zijn twee methodes die eenvoudig in
2025I.txt,Onbekend,veld gebruikt kunnen worden
2025I.txt,Beweging,Methode : onderzoekers meten de breedte en dikte van een bepaald bot in de poot
2025I.txt,Onbekend,Deze twee gegevens worden met elkaar vermenigvuldigd
2025I.txt,Onbekend,Methode : onderzoekers bepalen het gewicht en de vleugelle
2025I.txt,Onbekend,Bij het testen van deze methodes moest ter controle ook het geslacht van elke gemeten zeearend met zekerhei d worden vastgesteld
2025I.txt,Uitscheiding,Noteer welk onderzoek werd gedaan aan het huidmonster om het geslacht van de zeearend te bepalen
2025I.txt,Onbekend,"lees verder De antischimmelmedicijnen die Ja sper kreeg, waren azolen"
2025I.txt,Voeding en vertering,enzym is nodig voor
2025I.txt,Onbekend,Ergosterol is een bestanddeel van de celmembraan van schimmels
2025I.txt,Waarnemen,"Noteer de volgende woorden op de juiste plaats in het schema: azolen, ergosterol, lanosteroldemethylase"
2025I.txt,Waarnemen,Noteer in de cirkels een voor een stimuler ende werking of voor een remmende werking
2025I.txt,Voeding en vertering,De schimmel in de longen en hersenen v an Jasper bleek resistent tegen azolen door een puntmutatie in het gen voor het enzym lanosteroldemethylase
2025I.txt,Waarnemen,Het codon voor het aminozuur leucine is gewijz
2025I.txt,Waarnemen,gd in een codon voor het aminozuur hist idine
2025I.txt,Voeding en vertering,"Daardoor heeft het enzym een iets andere vorm, met als gevolg dat azolen dit enzym niet meer kunnen remmen"
2025I.txt,Voeding en vertering,Ondanks de andere vorm is het enzym nog wel werkzaam
2025I.txt,Onbekend,e is gewijz
2025I.txt,Waarnemen,"gd, waardoor het codon voor leucine in een codon voor histidine is veranderd"
2025I.txt,Erfelijkheid,de eerste base de tweede base de derde base Resistentie van een schimmel t egen een medicijn kan ontstaan na herhaald gebruik van dit medicijn
2025I.txt,Waarnemen,pati nten komt de resistente Aspergillus fumigatus met dezelfde puntmutatie voor
2025I.txt,Onbekend,De overdracht van sporen tussen mensen is niet mogelijk
2025I.txt,Stofwisseling van de cel,Artsen vermoeden daarom dat de pati nten de ziekte oplopen door het inademen van resistente schimmelsporen uit het milieu
2025I.txt,Onbekend,Verklaar dat het erg onwaarsch
2025I.txt,Onbekend,Waarschijnlijk is in zo n composthoop de resistente Aspergillus fumigatus ontstaan
2025I.txt,Waarnemen,Tot welke groep behoort in de kringlo
2025I.txt,Onbekend,En welke omz
2025I.txt,Waarnemen,tting in de kringloo p van stoffen wordt gedaan door groep
2025I.txt,Onbekend,he stoffen organische stoffen
2025I.txt,Onbekend,en organische stoffen anorganische stoffen reducenten
2025I.txt,Voeding en vertering,he stoffen organische stoffen reducenten organische stoffen anorganische stoffen scheidt amylase uit
2025I.txt,Voeding en vertering,Amylase is een enzym dat bepaalde moleculen uit het plantaardig afval afbreekt tot voedingsstoffen die door de schimmel kunnen worden opgenomen
2025I.txt,Voeding en vertering,Noteer een molecuul dat aanwez ig is in plantaardig afval door amylase wordt afgebroken
2025I.txt,Waarnemen,"Jasper kreeg andere medicijnen t oegediend die wel goed werkten tegen de schimmel, waardoor hij herstel de"
2025I.txt,Onbekend,n heeft Jasper onder andere een grotere kans op een kaliumtekort
2025I.txt,Uitscheiding,Welk gedeelte van een niereenheid zal zijn aangeta
2025I.txt,Waarnemen,t waardoor een kaliumtekort kan optreden
2025I.txt,Onbekend,Elk bolletje in deze diagrammen is een bepaling bij n zeearend
2025I.txt,Waarnemen,rammen blijkt welke met hode het meest geschikt is voor geslachtsbepaling
2025I.txt,Onbekend,Is methode of is methode het m eest geschikt
2025I.txt,Waarnemen,Verklaar je antwoord
2025I.txt,Ecologie,De populatie is gegroeid tot ruim dieren
2025I.txt,Onbekend,"en, zodat ze van de jonge takken kunnen eten"
2025I.txt,Waarnemen,"Zeearenden gebruiken zwarte populieren om hun nest in te maken, omdat deze boomsoort e takken heeft"
2025I.txt,Onbekend,nden zijn namelijk be
2025I.txt,Waarnemen,Van der Es vi ndt dat in dit geval de keuze voor de zeearend het best is
2025I.txt,Onbekend,Noteer een biolo
2025I.txt,Onbekend,argument dat zijn standpunt ondersteunt
2025I.txt,Onbekend,De relatie tussen de zwarte populier en de zeearend kan commensalism
2025I.txt,Erfelijkheid,genoemd worden
2025I.txt,Waarnemen,Geef een argument v oor deze stellin
2025I.txt,Voeding en vertering,ami smaakstoffen in deze voedingsmiddelen elkaar versterken
2025I.txt,Bloedsomloop,Umami \ hartig\ is de vijfde smaak die mensen kunnen onders
2025I.txt,Waarnemen,Elk van de vijf smaken in voedsel ver oorzaakt een reactie in specifieke smaakzintuigcellen op de tong
2025I.txt,Waarnemen,Reacties in de smaakzintuigce
2025I.txt,Waarnemen,leiden ertoe dat de smaak uiteinde
2025I.txt,Zenuwstelsel en hormonen,lijk wordt waargenomen in de hersenen
2025I.txt,Zenuwstelsel en hormonen,In welk deel van de hersenen wordt de smaak waargenomen
2025I.txt,Zenuwstelsel en hormonen,in de hersenstam in de kleine hersenen in de motorische schors in de sens
2025I.txt,Zenuwstelsel en hormonen,orische schors Afbeelding laat zien hoe binding van umami smaakstof aan een receptor op een smaakzintuigcel op de tong leidt tot een signaal in een zenuwcel
2025I.txt,Waarnemen,plaatsen ontbreekt een afbeelding Umami smaakstoffen binden aan rec eptoren op de smaakzintuigcel
2025I.txt,Onbekend,Na een keten van reacties worden bl aasjes met
2025I.txt,Zenuwstelsel en hormonen,in de synaps tussen de smaakzintuigcel en de zenuwcel terecht
2025I.txt,Onbekend,"Schrijf de nummers , en onder el kaar"
2025I.txt,Waarnemen,Noteer erachter welk woord op de bijbehorende plaats moet staan
2025I.txt,Onbekend,Ze bleek Fanconi anemie te hebben
2025I.txt,Onbekend,Fanconi anemie \ FA\ is een zeldzame erfelijke ziekt
2025I.txt,Bloedsomloop,waarbij er onder andere een verminderde aanmaak is van de vaste bloedbestanddelen
2025I.txt,Waarnemen,FA wordt meestal veroorzaakt door een mutatie die aanwez
2025I.txt,Erfelijkheid,"ig is in een autosomaal gen, het FANCA gen"
2025I.txt,Erfelijkheid,Het mu tante allel is recessief
2025I.txt,Erfelijkheid,Normaal gesproken regelt het FANCA gen dat DNA ger epareerd kan worden
2025I.txt,Waarnemen,Fanconi anemie kan ook ontstaan door een mutatie die aanwe
2025I.txt,Erfelijkheid,ig is in een gen op het X chromosoom
2025I.txt,Erfelijkheid,l is recessief
2025I.txt,Erfelijkheid,Bij Eileen is FA het gevolg van aut osomale overerving
2025I.txt,Onbekend,afbeelding Waaruit blijkt dat FA in de familie van Eile
2025I.txt,Onbekend,Eileens moeder heeft geen FA
2025I.txt,Bloedsomloop,Eileens vader heeft geen FA
2025I.txt,Onbekend,Eileens broer heeft geen FA
2025I.txt,Onbekend,Eileens opa aan moeder s kant heeft geen FA
2025I.txt,Onbekend,doening heeft Eilee
2025I.txt,Bloedsomloop,Daardoor is ze altijd moe en heeft ze vaak last van infecties en bloedingen
2025I.txt,Bloedsomloop,Afbeelding is een microscopisch preparaat van gezond bloed
2025I.txt,Bloedsomloop,Hierin zijn verschillende vaste bloedbestanddelen met nummers aangegev
2025I.txt,Bloedsomloop,afbeelding lees verder De milt kan rode bloedcellen opsl aan en speelt een rol bij de afbraak ervan
2025I.txt,Bloedsomloop,In welk ander orgaan worden rode bloedc
2025I.txt,Voeding en vertering,n wordt ook het eiwit afgebroken dat zuurstof transporteert
2025I.txt,Voeding en vertering,Noteer de naam van dit eiwit
2025I.txt,Afweer,capaciteit van de Bajau ook een relatie heeft met de grootte van hun milt en of deze aanpassing een genetische basis heeft
2025I.txt,Erfelijkheid,oekers isoleerden het DNA ui t cellen van het wangslijmvlies
2025I.txt,Afweer,Met behulp van echografie bepaald en ze de grootte van de milt
2025I.txt,Afweer,Cellen van de milt zijn moeilijk af te nemen
2025I.txt,Onbekend,ers isoleer
2025I.txt,Waarnemen,Licht toe dat cellen van het wangs kunnen worden voor het DNA onderzoek naar genen die de gr ootte van de milt be nvloeden
2025I.txt,Afweer,De milt is onderdeel van het lymfev atenstelsel
2025I.txt,Afweer,Met echografie werd de grootte van de milt bepaald
2025I.txt,Afweer,De tr ansductor \ afbeelding \ van het echoapparaat wordt op de plaats op de romp gezet waar zich de milt bevindt
2025I.txt,Afweer,Op een beeldscherm kan de milt dan zichtbaar worden gemaakt
2025I.txt,Onbekend,afbeelding afbeelding Op welke plaats op de romp \ ng \ moet de transductor geplaat
2025I.txt,Afweer,st worden om een beeld van de milt te kunnen krijge
2025I.txt,Bloedsomloop,Noteer in de tweede kolom in elk vakje het nummer waarmee het bijbehorende bloedbestanddeel in afbeelding is aangegev
2025I.txt,Onbekend,Noteer in de derde kolom in elk
2025I.txt,Bloedsomloop,de rode bloedcellen zijn bij voorkeur van Eileens eigen bloedgroep
2025I.txt,Bloedsomloop,Eileen heeft bloedgroep B en is resuspositief \ \
2025I.txt,Bloedsomloop,ou ze ook rode bloedcellen van andere bloedgroepen kunnen ontvangen
2025I.txt,Bloedsomloop,Het ziekenhuis heeft de volgende ander e rode bloedcelle
2025I.txt,Bloedsomloop,n op voorraad: Noteer welke van deze rode bloedcel len v
2025I.txt,Onbekend,kunnen worden
2025I.txt,Bloedsomloop,lagader lees verder Jasper kreeg antischimmel medicijnen
2025I.txt,Erfelijkheid,rte tijd daarna steeds dingen uit zijn
2025I.txt,Plantenfysiologie,bladgroenkorrels celkern Welke van deze onderdelen zijn aanwez
2025I.txt,Onbekend,Noteer de nummers
2025I.txt,Zenuwstelsel en hormonen,In afbeelding zijn tekeningen v an de hersenscans van Jaspers grote hersenen te zien
2025I.txt,Onbekend,Het zijn verschillende do
2025I.txt,Waarnemen,ijde van elke tekening is de voorkant van z ijn hoofd
2025I.txt,Zenuwstelsel en hormonen,tsen aan waar zenuwcellen vernietigd zijn door de schimmel
2025I.txt,Erfelijkheid,afbeelding Op een van de tekeningen in afbeelding is te zien dat de schimmel het gebied heeft ge nfecteerd dat Jaspers rechterhand aanstuurt
2025I.txt,Onbekend,Op welke tekening is dat
2025I.txt,Onbekend,op tekening op tekening op tekening lees verder Onderzoeker Charlotte Schm idt veronderstelde dat bepaalde
2025I.txt,Waarnemen,mbinaties lekker worden gevonden doordat umami smaakstoffen uit beide producten elkaar versterken
2025I.txt,Onbekend,Uit eerder onderzoek
2025I.txt,Waarnemen,bleek dat bij ei eren de umami smaak vooral wordt veroorzaakt door het aminozuur glutaminezuur
2025I.txt,Waarnemen,Bij spek wordt de umami smaak ver oorzaakt door bepaalde nucleotiden
2025I.txt,Onbekend,"Schmidt ontdekte dat wanneer dez e nucleotiden aanwezig zijn,"
2025I.txt,Onbekend,uur sterker wordt gebonden aan de receptor
2025I.txt,Zenuwstelsel en hormonen,"Dit leidt tot een sterker signaal naar de hersenen, zodat de umami smaak sterker wordt waargenomen"
2025I.txt,Waarnemen,"Schmidt leidde hieruit af dat tw ee umami smaakstof fen waarvan de n een nucleotide is en de ander een am inozuur, elkaar inderdaad kunnen versterken"
2025I.txt,Onbekend,In welke regels in de tekst word t de hypothese van het onderzoek van Schmidt beschreven
2025I.txt,Uitscheiding,oor hun pr ofielwerkstuk onderzoeken of de smaakstoffen van ham en van kaas el kaar op dezelfde manier versterken als spek en eieren
2025I.txt,Waarnemen,"Ze maken drie puddingen waaraan ze verschillende smaakstoffen toevoegen: Pudding : ham smaakstof, in een concentratie net onder de drempelwaarde"
2025I.txt,Waarnemen,"Pudding : kaas smaakstof, in een concentratie net onder de drempelwaarde"
2025I.txt,Waarnemen,"Pudding : beide smaakstoffen, met dez elfde concentratie ham smaakstof als in pudding en dezelfde concent ratie kaas smaakstof als in pudding"
2025I.txt,Erfelijkheid,leerlingen doen mee aan het onderzoek
2025I.txt,Waarnemen,Kees noteert of de proefpersonen wel of niet ham en/of kaas waarnemen
2025I.txt,Onbekend,Na elke hap spoelen de proefpersonen hun mond met water
2025I.txt,Waarnemen,Kruis in de tabel aan met welke resultaten bevestigd zou worden dat beide smaakstoffen elkaar versterken
2025I.txt,Uitscheiding,"Om te controleren of de proefpersonen wel in staat zijn om ham en kaassmaak waar te nemen, lat en Han en Kees hun proefpersonen op dezelfde manier extr a puddingen proeven"
2025I.txt,Onbekend,Noteer wat de samenstellin
2025I.txt,Erfelijkheid,g is van deze extra puddingen
2025I.txt,Erfelijkheid,"s teksten en afbeeldingen, is te vinden in het bij dit examen"
2025I.txt,Waarnemen,e correctievoorschrift
2025I.txt,Bloedsomloop,Wat is de naam van het proces w aarbij uit de stamcellen verschillende typen bloedcellen ontstaan
2025I.txt,Onbekend,En van welk proces is dit het gevolg
2025I.txt,Bloedsomloop,typen bloedcellen dat is het ontstaan door gevolg van adaptatie sie adaptatie recombinatie differentiatie
2025I.txt,Plantenfysiologie,ie Een gevaar bij stamceltransplantati e is de omgekeerde afstotingsziekte
2025I.txt,Erfelijkheid,Om dit tegen te gaan is een donor gez
2025I.txt,Onbekend,ocht van wie de membraaneiwi tten op de lichaamscellen zo veel mogelijk overeenkomen met die van Eileen
2025I.txt,Waarnemen,Welke afweercellen zijn ver antwoordelijk voor de omgekeerde afstotingsziekte
2025I.txt,Onbekend,atie is gesl aagd als de gedonee
2025I.txt,Bloedsomloop,rde stamcellen zich vestigen op de plaats waar ook b ij gezonde mensen bloedc
2025I.txt,Plantenfysiologie,Waar zullen de getransplanteer
2025I.txt,Bloedsomloop,de st amcellen zich dan bij Eileen hebben in haar botten in haar hart in haar lev
2025I.txt,Voeding en vertering,ersity & Research onderzoekt de mogelijkheid om eendenkroosplantjes te gebruiken als eiwitrijke groente
2025I.txt,Waarnemen,"Eendenkroos is een verzamelnaam v oor verschillende soorten drijvende waterplantjes van enkele millimeters groot, zoals Lemna minor \ afbeelding \"
2025I.txt,Plantenfysiologie,De plantjes bestaan uit een bladachtig schijfje dat op het water drijft
2025I.txt,Waarnemen,oossoorten zijn wortels aanwezig \ afbeelding \
2025I.txt,Onbekend,ondjes is de opname en afgifte van gasse
2025I.txt,Erfelijkheid,Welk gas wordt netto opgenomen in het licht
2025I.txt,Erfelijkheid,En welk gas wordt netto opgenomen in het donker
2025I.txt,Onbekend,Eendenkroos kan zich zowel geslachtel ijk als onges
2025I.txt,Waarnemen,"In het voorjaar worden soms bloem etjes gevormd, maar meestal plant eendenkroos zich voort door ni euwe bladschijfjes af"
2025I.txt,Erfelijkheid,De nakomelingen zijn genetis
2025I.txt,Erfelijkheid,Recombinatie van de chromosomen is mogelijk
2025I.txt,Onbekend,Noteer erachter of het bijbehorende kenmerk bij geslachtelijke of
2025I.txt,Waarnemen,Voor dit examen zijn maximaal punten te behalen
2025I.txt,Waarnemen,Voor elk vraagnummer staat hoeveel punt
2025I.txt,Onbekend,aald kunnen worden
2025I.txt,Onbekend,"Als bij een open vraag een verklaring, uitleg of berekening gev"
2025I.txt,Waarnemen,"raagd wordt, worden aan het antwoord meestal geen punten toegek end als deze verklaring, uitleg of berekening ontbreekt"
2025I.txt,Waarnemen,"Geef niet meer antwoor den \ redenen, voorbeelden e"
2025I.txt,Onbekend,\ dan er worden gevraagd
2025I.txt,Waarnemen,"ee redenen wor den gevraagd en je geeft meer dan twee redenen, dan worden alleen de eerste twee in de beoordelin eteld"
2025I.txt,Plantenfysiologie,"lees verder Eendenkroos groeit op ondiep, stilst aand of langzaam stromend water in sloten en vijvers"
2025I.txt,Stofwisseling van de cel,"In de periode v an mei tot oktober groeit de populatie Als het wateroppervlak geheel met eendenkroos bedekt is, kan een tekort aan zuurstof ontstaan voor dieren die in het water leven"
2025I.txt,Stofwisseling van de cel,es spelen een aantal gebeurtenissen een rol: Aerobe bacteri n breken het organisch materiaal af
2025I.txt,Waarnemen,Er dringt geen licht meer door in het water
2025I.txt,Stofwisseling van de cel,Er is geen fotosynthese mogelijk bij waterplanten die onder water groeien
2025I.txt,Stofwisseling van de cel,Noteer de nummers van de vier gebeurtenissen waardoor een tekort aan zuurstof ontstaat in de juiste volgorde
2025I.txt,Waarnemen,Voor haar onderzoek
2025I.txt,Erfelijkheid,afbeelding Het water in de bakken bevat onder andere anorganische stikstofverbindingen
2025I.txt,Waarnemen,De stikstof \ N\ is nodig voor de vorming van aminozuren en andere organisc
2025I.txt,Erfelijkheid,Enkele organische stoffen zijn: chlorofyl DNA
2025I.txt,Onbekend,Schrijf de nummers tot en met onder elkaar
2025I.txt,Onbekend,Noteer erachter of de bijbehorende stof stikstof bevat
2025I.txt,Onbekend,Onder gunstige omstandigheden kan de biomassa van eendenkroos in n dag verdubbelen
2025I.txt,Onbekend,"Het is belangrij k om de hoeveelheid mineralen in het water goed te doseren, zodat ze geen beperkende factor worden"
2025I.txt,Onbekend,Ook de concentraties van O worden gemonitord
2025I.txt,Onbekend,Noem nog een ander
2025I.txt,Plantenfysiologie,e beperke nd kan zijn tijdens de snelle groei van eendenkroos
2025I.txt,Onbekend,lees verder Gevaarlijke sporen Jasper heeft een levensgevaar
2025I.txt,Afweer,e infectie gehad met een schimmel die resistent is tegen medicijnen
2025I.txt,Onbekend,Deze schimmel is waa
2025I.txt,Waarnemen,schijnlijk resistent geworden door het gebruik van
2025I.txt,Onbekend,Aspergillus fumigatus is een schimmel die algemeen
2025I.txt,Onbekend,aanwezig is in de bodem
2025I.txt,Onbekend,Als gevolg van een ziekte heeft Jasper echt er een sterk verlaagde weers
2025I.txt,Waarnemen,"and, waardoor de schimmel een gev"
2025I.txt,Erfelijkheid,Leg uit hoe deze twee celtypen samen tegengaan dat schimmelsporen de
2025I.txt,Onbekend,lees verder Eendenkroos wordt al enkele jar
2025I.txt,Voeding en vertering,"t of eendenkroos ook geschikt is voor menselijke consumptie, omdat eiwitten zo via de kortst m ogelijke voedselk"
2025I.txt,Stofwisseling van de cel,"gunstig, want bij elke schakel in de voedselketen gaat een groot deel van de energie ui t organische stoffen verloren"
2025I.txt,Stofwisseling van de cel,Oorzaken van dit energieverlies zijn dat dode en niet eetbare delen niet gegeten worden en dat een deel van de or ganische stoffen in ontlasting terechtkomt
2025I.txt,Stofwisseling van de cel,Er is nog een belangrijke oorzaak van dit energieverlies
2025I.txt,Waarnemen,Noteer die oorzaak
2025I.txt,Onbekend,ehalte is e
2025I.txt,Onbekend,d verteerbaar zijn en bepaalde aminozuren bevatten
2025I.txt,Waarnemen,Leg uit dat voor het bepale
2025I.txt,Onbekend,an worden naar de toename v an de essenti le aminozuren dan naar de toename van niet e ssenti le aminozuren
2025I.txt,Onbekend,ouw worden groenten onder gec
2025I.txt,Waarnemen,Door verticale landbouw is er minder landbouwgrond nodig
2025I.txt,Waarnemen,Geef nog een ander argum ent waardoor de produc tie van groenten door middel van verticale landbouw ecologisch duurzamer kan zijn dan de productie van groenten vi a de gangbare akkerbouw
2025I.txt,Onbekend,"lees verder Tenzij anders vermel , is er sprake van normale situaties en gezonde organismen"
2025I.txt,Onbekend,De Biesbosch is een waterrijk natuurgebied met veel
2025I.txt,Waarnemen,Vanaf nam de populatie zeearenden in Duitsland toe door een afname van het gebruik van bepaalde insecticiden en door een jachtverbod
2025I.txt,Erfelijkheid,"afbeelding afbeelding Zeearenden werden al eerder in Nederland waar genomen, maar pas vanaf vestigden ze zich"
2025I.txt,Waarnemen,"Dat kon doordat er steeds meer natte natuurgebieden ontstonden, waar vogels die prooi zijn voor de zeearend, in grote groepen"
2025I.txt,Onbekend,ng toont de plaatsen waar nu zeearenden
2025I.txt,Waarnemen,Wat is de biologische term voor een geschikt leefgebied van e
2025I.txt,Ecologie,ecosysteem populatie trofisch niveau De zeearend is in Nederland geen exoot
2025I.txt,Onbekend,Verklaar dit
2025I bijlage.txt,Bloedsomloop,nummer in afbeeldin mptoom bi tekort rode bloedcel witte bloedcel wel smaakwaarnemin een smaakwaarne
2025I bijlage.txt,Onbekend,Naam kandidaat
2025II.txt,Uitscheiding,lees verder Bij een kat met chronisch nierfalen zijn
2025II.txt,Uitscheiding,n te zien in een microscopisch preparaat van het nierweefsel
2025II.txt,Onbekend,"ulus is vergroot, en de rui"
2025II.txt,Onbekend,te in het kapsel van Bowman is
2025II.txt,Onbekend,Afbeelding is een schematische tekening van het kapsel van Bowman met de glomerulus
2025II.txt,Uitscheiding,is een foto van een microscopisch preparaat van nierweefsel van een kat met chronisch nierfalen
2025II.txt,Onbekend,Welke letter in afbeelding geeft het kapsel van Bo
2025II.txt,Waarnemen,En op welke plaats in afbeelding is de doorsnede gemaa
2025II.txt,Uitscheiding,kt van de niereenheid waar P en Q bij horen
2025II.txt,Voeding en vertering,kapsel van Bowman plaats doorsnede letter P plaats letter P plaats letter Q plaats letter Q plaats Maureen geeft Rio voeding met een aange
2025II.txt,Voeding en vertering,"Het eten van te veel eiwitten zou name lijk leiden tot de productie van veel ureum, wat schadelijk is voor Rio"
2025II.txt,Uitscheiding,Hieronder staat hoe de grote hoeveelheid ureum ontstaat
2025II.txt,Voeding en vertering,Bij de vertering van de grote hoeveelhei
2025II.txt,Voeding en vertering,eiwitten worden veel
2025II.txt,Voeding en vertering,"gevormd, die daarna worden geresorbeer d in de darm"
2025II.txt,Waarnemen,Een groot gedeelte hiervan wordt vervolgens afgebroken door de
2025II.txt,Onbekend,Schrijf de nummers en onder el kaar
2025II.txt,Waarnemen,Noteer het woord dat op de bijbehorende plaats moet staan erachter
2025II.txt,Erfelijkheid,"s teksten en afbeeldingen, is te vinden in het bij dit examen"
2025II.txt,Waarnemen,e correctievoorschrift
2025II.txt,Onbekend,lees verder Het valt Andrea op dat er de afgelopen jaren in het Korenburgerveen steeds minder kleine zonnedauw te zien is
2025II.txt,Onbekend,Mogelijk heeft de kleine zonnedauw in het gebied last van de stikstofuitstoot van het bedrijf van Andrea
2025II.txt,Waarnemen,"Kleine zonnedauw Drosera intermedia , afbeelding \ is een plantje dat maximaal cm hoog wordt"
2025II.txt,Bloedsomloop,afbeelding Zonnedauw is een groep van vlees etende planten met groene bladeren en bladeren met kleverige druppels
2025II.txt,Voeding en vertering,"heiden enzymen af, waardoor de insecten worden verteerd"
2025II.txt,Waarnemen,Verklaar dat zonnedauw tot de producenten behoort
2025II.txt,Onbekend,Onderzoekers in Zweden deden onderzoe
2025II.txt,Onbekend,Zij hebben een veld waar ronde zonnedauw \ Drosera rotundifolia
2025II.txt,Onbekend,schillende hoeveelheden van een anorganische st
2025II.txt,Plantenfysiologie,ers hebben er vier jaar lang in september en in juni het aantal plantjes zonnedauw per vier kante meter geteld
2025II.txt,Waarnemen,Behoort de zonnedauw uit het Zweedse onderzoek tot dezelfde soort als de zonnedauw in het Korenburgerveen
2025II.txt,Waarnemen,Voor dit examen zijn maximaal punten te behalen
2025II.txt,Waarnemen,Voor elk vraagnummer staat hoeveel punt
2025II.txt,Onbekend,aald kunnen worden
2025II.txt,Onbekend,"Als bij een open vraag een verklaring, uitleg of berekening gev"
2025II.txt,Waarnemen,"raagd wordt, worden aan het antwoord meestal geen punten toegek end als deze verklaring, uitleg of berekening ontbreekt"
2025II.txt,Waarnemen,"Geef niet meer antwoor den \ redenen, voorbeelden e"
2025II.txt,Onbekend,\ dan er worden gevraagd
2025II.txt,Waarnemen,"ee redenen wor den gevraagd en je geeft meer dan twee redenen, dan worden alleen de eerste twee in de beoordelin eteld"
2025II.txt,Onbekend,langrijk is dat hij op
2025II.txt,Zenuwstelsel en hormonen,De verspreiding van het pigment in de stervormige cellen wordt aangestuurd door het zenuwstelsel
2025II.txt,Waarnemen,"Bij andere diersoorten die van kleur kunnen veranderen, worden kleurverander ingen mee"
2025II.txt,Zenuwstelsel en hormonen,Noteer een voordeel van aanstu ring door het zenuwstelsel
2025II.txt,Waarnemen,Er zijn zo n soorten kameleons
2025II.txt,Erfelijkheid,Deze zijn onderverdeeld in verschillende geslacht en \ genera\
2025II.txt,Waarnemen,"In de stamboom is een aantal van deze geslachten te zien, waaronder ook het geslacht de driehoornkameleon behoort"
2025II.txt,Waarnemen,t is de voorouder van alle andere geslac
2025II.txt,Waarnemen,e voorouder van het geslacht en het geslacht leefde in de geologische periode Jura
2025II.txt,Onbekend,t is meer verwant met het geslacht dan met het geslacht
2025II.txt,Onbekend,"Schrijf de nummers , en onder elkaar"
2025II.txt,Onbekend,Noteer erachter of de bijbehorende uitspraak is
2025II.txt,Stofwisseling van de cel,lees verder Het nadeel van het gebruik van verse suikerbieten is
2025II.txt,Onbekend,dat deze niet het hele jaar beschikbaar zijn
2025II.txt,Onbekend,ulp kan suikerbietensap worden gebruik
2025II.txt,Erfelijkheid,"In tegenstelling tot pulp, is het sap lang houdbaar"
2025II.txt,Stofwisseling van de cel,"De productie van sap uit suikerbieten kost echter veel m eer energie, waardoor deze manier van ethanol pr"
2025II.txt,Onbekend,oductie minder duurzaam is
2025II.txt,Onbekend,Hieronder staan enkele waarden van de teelt en verwerking van suikerbieten
2025II.txt,Onbekend,"hanol , kg per kg sachariden uitstoot bij gebruik pulp per kg bio ethanol uitstoot bij gebruik sap per kg bio ethanol Bereken hoeveel kilogram bio ethanol kan worden geproduceerd met de suikerbietenopbrengst van n hectare"
2025II.txt,Waarnemen,Bereken hoeveel kilogram CO er minder vrijkomt per hectare aan suikerbieten door gebruik van pulp in plaats van sap
2025II.txt,Onbekend,Verklaar dat het gebruik van bio et hanol uit suikerbieten minder bijdraagt aan het versterkte broeikaseffect
2025II.txt,Onbekend,"lees verder Tenzij anders vermel , is er sprake van normale situaties en gezonde organismen"
2025II.txt,Onbekend,"Fallot Britt is zestien jaar en heeft de tetralogie van Fallot,"
2025II.txt,Erfelijkheid,ng is ze sneller moe dan haar leeftijdsgenoten
2025II.txt,Bloedsomloop,Ze heeft al twee hartoperaties gehad
2025II.txt,Bloedsomloop,De hartafwijking van Britt is al vroeg tijdens de embryonale ontwikkeling ontstaan
2025II.txt,Onbekend,Bij de tetralogie van Fallot is d
2025II.txt,Onbekend,Ook is er een opening tussen de linkerkamer en de rechterkamer
2025II.txt,Bloedsomloop,afbeelding In de tekst worden drie verschi llen genoemd ten opzichte van een normaal gebouwd hart
2025II.txt,Onbekend,In afbeelding is een vierde verschil zichtbaar
2025II.txt,Onbekend,Noteer dit vierde verschil
2025II.txt,Onbekend,"Toen Britt zes maanden oud was, heeft ze een operatie gehad"
2025II.txt,Onbekend,Bij deze operatie is
2025II.txt,Onbekend,r wijder gemaakt
2025II.txt,Bloedsomloop,De hartchirurg heeft toen de wand v
2025II.txt,Onbekend,"neden en opgevuld met een stukje kunststof weefsel \ een patch ,"
2025II.txt,Stofwisseling van de cel,Het nadeel van zo n operatie is
2025II.txt,Bloedsomloop,"meer volledig sluit, waardoor bloed kan terugstromen naar het hart"
2025II.txt,Waarnemen,Verklaar je antwoord
2025II.txt,Ademhaling,lees verder De ademhaling wordt automatisch geregeld door het adem centrum
2025II.txt,Zenuwstelsel en hormonen,De afbeelding hieronder is een leng tedoorsnede van de hersenen en een deel van het ruggenmerg
2025II.txt,Onbekend,Hierin zijn vers
2025II.txt,Onbekend,In welk deel vindt de automatisc he regeling van de ademhalin
2025II.txt,Waarnemen,automatische regeling door
2025II.txt,Onbekend,deel P deel T deel R Het project Partridge is een project van vijf Europese lande
2025II.txt,Onbekend,De patrijs kan hiervan profiteren
2025II.txt,Waarnemen,"chikte broedplaatsen snel af, waardoor het aantal patrijzen met % gedaald is"
2025II.txt,Onbekend,Onlangs heeft Britt haar tweede har toperatie gehad
2025II.txt,Onbekend,Britt is nu minder snel moe
2025II.txt,Bloedsomloop,lijk Welke afbeelding geeft de aansluit ing van de hart l
2025II.txt,Bloedsomloop,"omloop, en de stroomrichting van het bloed juist weer"
2025II.txt,Onbekend,lees verder De resultaten van het onderzoek staan in afbeelding
2025II.txt,Waarnemen,aar is de optimum waarde v oor stikstofbemesting van ronde zonnedauw
2025II.txt,Plantenfysiologie,Er is verband tussen de toegediende hoeveelheid stikstof en het aantal plantjes van ronde zonnedauw
2025II.txt,Waarnemen,rveen wordt veroorzaakt door een ver
2025II.txt,Onbekend,Noteer erachter of de bijbehorende conclus
2025II.txt,Onbekend,e getrokken mag worden op basis van het Zweedse onderzoek
2025II.txt,Waarnemen,"In veel natuurgebieden in Nederland staat op plaatsen waar eerst voornamelijk kleine zonnedauw groeide,"
2025II.txt,Waarnemen,nu vooral veenpluis
2025II.txt,Onbekend,Dit is het gevolg van de hogere stikstofconcentraties in die gebieden
2025II.txt,Waarnemen,"Veenpluis \ Eriophorum , afbeelding \ is een grassoort die maximaal cm hoog wordt"
2025II.txt,Onbekend,Beredeneer dat er bij hogere stikstof concentraties steeds meer veenpluis
2025II.txt,Onbekend,en steeds minder kleine zonnedauw aanwezig is
2025II.txt,Beweging,Ook hun botten en spieren zijn zwar t
2025II.txt,Waarnemen,Melanine wordt gepr oduceerd door pigmentcellen: de melanocyten
2025II.txt,Onbekend,Noteer erachter of de bijbehorende uitspraak Ayam cemani s en sv
2025II.txt,Erfelijkheid,"arth na s hebben dezelfde, uiterst compl xe, mutatie aan het EDN gen"
2025II.txt,Erfelijkheid,Verklaar dat het waarschijnlijk is dat de mutatie aan het EDN gen b
2025II.txt,Onbekend,ij de ayam cemani s en die bij de sva rth na s onafhankelijk van elkaar zijn ontstaan
2025II.txt,Onbekend,Rio is erg vermagerd
2025II.txt,Bloedsomloop,De dierenarts heeft de urine en het bloed v an Rio laten onderzoeke
2025II.txt,Uitscheiding,Daaruit bleek dat ze aan chronisch nierfalen lijdt
2025II.txt,Onbekend,Bij chronis
2025II.txt,Bloedsomloop,"h nierfalen is de nier functie sterk verminderd, waardoor afvalstoffen zich ophopen in het bloed"
2025II.txt,Uitscheiding,Katten met chronisch nierfalen drinken daardoor veel
2025II.txt,Bloedsomloop,De osmotische waarde van het bloed daa
2025II.txt,Bloedsomloop,De osmotische waarde van het bloed stijgt
2025II.txt,Onbekend,Wat is de volgorde v
2025II.txt,Onbekend,Noteer de bijb ehorende nummers in de juiste volgorde
2025II.txt,Uitscheiding,De dierenarts bepaalt bij het urine
2025II.txt,Onbekend,De dichtheid van water is ongeveer gram
2025II.txt,Onbekend,Een zoutoplossing heeft een hogere dic
2025II.txt,Uitscheiding,de dicht heid van de urine van katten lager is dan gram
2025II.txt,Uitscheiding,", zijn er mogelijk nierproblemen"
2025II.txt,Voeding en vertering,Vindt er in de nieren van Rio te veel of te weinig reabsorptie \ terugresorptie\ van water plaats
2025II.txt,Uitscheiding,reabsorptie hoeveelheid urine te veel meer te veel minder te weinig
2025II.txt,Bloedsomloop,meer te weinig minder In het bloed van Rio wordt een te hoog ureum gehalte gemeten
2025II.txt,Uitscheiding,Ureum wordt in de lever aangemaakt
2025II.txt,Onbekend,Noteer de bijbehorende nummers in de juiste volgorde
2025II.txt,Waarnemen,"ameleons die op Oahu leven, zijn kleurrijker dan de driehoornkameleons die in Kenia leven"
2025II.txt,Onbekend,"ameleons op Oahu, is de afwezigheid van predatoren"
2025II.txt,Onbekend,Er zullen echter ook andere factoren een rol gespeeld hebben
2025II.txt,Waarnemen,"Verklaar aan de hand van een andere biotische factor dan predatie, dat de driehoornkameleons ko nden overleven op Oahu"
2025II.txt,Ecologie,Verklaar aan de hand van een abiotische factor dat de
2025II.txt,Waarnemen,De driehoornkameleons uit Oahu en Kenia zijn geog
2025II.txt,Onbekend,rafisch gescheiden
2025II.txt,Waarnemen,"Toch is het waarschijnlijk dat zij nog steeds samen vruchtbare nakomelingen kunnen krijgen, en daarm ee tot dezelfde soort behoren"
2025II.txt,Waarnemen,Verklaar waarom het waarschijnlijk is dat de driehoornkameleons uit Oahu en Kenia ge v
2025II.txt,Waarnemen,olueerd zijn tot twee soorten
2025II.txt,Waarnemen,nkameleons op Oahu en in Kenia worden veroorzaakt door genetische verschillen
2025II.txt,Onbekend,In Kenia hebben de felgek
2025II.txt,Onbekend,Noteer erachter of de bijbehorende uitspraak of
2025II.txt,Waarnemen,an zijn voor het genetische verschil in
2025II.txt,Uitscheiding,De kleur van kameleons wordt bepaa ld door de rangschikking van verschillende moleculen in de ce llen van de huid en door stervormige cellen met zwart pigment
2025II.txt,Uitscheiding,"Het pigm ent in de stervormige cellen kan verspreid of geconcentreerd wor den, waardoor de huid donk"
2025II.txt,Onbekend,erder of lichter wordt
2025II.txt,Bloedsomloop,"Hiermee reguleert de ka meleon, die koudbloedig is, zijn lichaamstemperatuur"
2025II.txt,Onbekend,In de ochtend zijn kameleons d
2025II.txt,Waarnemen,"onkerder van kleur, waardoor ze sneller opwarmen"
2025II.txt,Waarnemen,lees verder Het broedsucces van de patrijs hangt vooral af van de beschutting en de hoeveelheid insecten in de direc
2025II.txt,Waarnemen,afbeelding Tot welk trofisch niveau behoort een pat rijskuiken
2025II.txt,Waarnemen,En tot welk trofisch niveau behoort een volwass
2025II.txt,Voeding en vertering,en patrijs alleen consument e orde alleen consument e orde alleen consument e orde consument e orde en hoger alleen consument e orde alleen consument e orde alleen consument e orde consument e orde en hoger consument e orde en hoger alleen consument e orde consument e orde en hoger consument e orde en hoger In de onderstaande tabel is te zien dat de voedingswaarde van insecten verschilt van de voedings
2025II.txt,Voeding en vertering,swaarde per edeelte energie koolhydraten vetten
2025II.txt,Onbekend,"ten insecten , , , Licht toe aan de hand van de tabel dat in"
2025II.txt,Waarnemen,secten het meest geschikt zijn als voedsel voor groeiende patrijskuikens
2025II.txt,Stofwisseling van de cel,lees verder Ademtherapie bij long covid Jean heeft maanden nadat hij c
2025II.txt,Ademhaling,Zijn huisarts vermoedt het post covidsyndroom \ long covid\
2025II.txt,Erfelijkheid,en zelftest om te zien of er bepaalde antigenen in zijn
2025II.txt,Erfelijkheid,Bij de PCR te st wordt onderzocht of in het
2025II.txt,Afweer,virus aanwezig zijn
2025II.txt,Onbekend,Wat wordt aangetoond bij de zel ftest
2025II.txt,Erfelijkheid,zelftest PCR test bepaald genetisch materiaal een bepaalde aminoz
2025II.txt,Erfelijkheid,uurvolgorde bepaald genetisch materiaal een bepaalde nucleotidenvo
2025II.txt,Voeding en vertering,de bepaalde eiwitten een bepaalde
2025II.txt,Voeding en vertering,uurvolgorde bepaalde eiwitten een bepaalde
2025II.txt,Stofwisseling van de cel,Kortademigheid kan ontstaan als de diffu siesnelheid van zuurstof van de lucht in de longblaasjes naar het bloed verandert
2025II.txt,Onbekend,kun je bepalen met de onderstaande formule
2025II.txt,Onbekend,"s meer slijm aanwezig is, verandert de diffusie afstand"
2025II.txt,Ademhaling,"Als er minder longblaasjes zijn, wordt een andere factor uit de formule kleiner"
2025II.txt,Waarnemen,Is de diffusie afstand \ \ door het extra slijm grot er of kleiner geworden
2025II.txt,Ademhaling,ctor is kleiner al s er minder longblaas
2025II.txt,Waarnemen,factor die kleiner is door extra
2025II.txt,Waarnemen,eit op akkers vergroot kan worden door het aanleggen van
2025II.txt,Waarnemen,"is een strook grond van tot centimeter hoog, met daarop een lage begroeiing van grassen en stru ikjes"
2025II.txt,Erfelijkheid,afbeelding Op de braakliggende grond kunnen
2025II.txt,Onbekend,Wat is de naam van de relati e tussen de patrijs en de mijt
2025II.txt,Erfelijkheid,commensalisme mutualisme parasitisme predatie De hypothese van de ecologen is: een keverbank vergroot de overlevingskans van patrijskuik
2025II.txt,Onbekend,Om dit te testen hebben een aantal akkerbouwers keverbanken aangelegd
2025II.txt,Onbekend,groter is dan op akkers zonder keverbank
2025II.txt,Waarnemen,Hierdoor is de kans op broedsucces van de patrijs er groter
2025II.txt,Erfelijkheid,"Om hun hypothese te testen, ke ken de ecologen naar een bepaald gedeelte van het diagram"
2025II.txt,Onbekend,Licht toe welk gedeelte
2025II.txt,Stofwisseling van de cel,"Nadat de eieren zijn uitgekomen, maakt Freek een stamboom van de ouders en de kuikens"
2025II.txt,Waarnemen,Voor het fokken zou het gunstig zijn als de haan homozygoot is voor de autosomaal o
2025II.txt,Erfelijkheid,Wat is de kans dat haan homozygoot is
2025II.txt,Waarnemen,Om uit te sluiten dat haan heterozygoot is voor de eigens
2025II.txt,Onbekend,"chap fibromelanose, kruist Freek hem met het lichtbruine hennetje"
2025II.txt,Erfelijkheid,Noteer de mogelijke fenotypen van de nakomelingen van deze kruising als haan Noteer de verhouding waarin de ze fenotypen dan aanwez
2025II.txt,Onbekend,Fokkers kruisen vaker broers en zussen onderling om
2025II.txt,Onbekend,Hierbij is de kans echter ook groot dat recessieve erfelijke
2025II.txt,Erfelijkheid,Verklaar hoe inteelt leidt tot er felijke afwijkingen b ij de nakomelin
2025II.txt,Stofwisseling van de cel,lees verder Groene energie nog groener Biobrandstoffen kunnen een duurzaam al ternatief zijn voor fossiele brandstoffen
2025II.txt,Waarnemen,"Doordat suikerbieten veel sacharose bevatten, zijn ze erg geschikt voor de productie van bio"
2025II.txt,Onbekend,De verse suikerbieten worden gewasse
2025II.txt,Onbekend,De pulp wordt
2025II.txt,Onbekend,verhit om micro organism en te doden
2025II.txt,Onbekend,"afgekoeld, wordt deze in een bioreactor gebracht waarin gistcellen aanwezig zijn"
2025II.txt,Onbekend,De gistcellen gaan dan ethanol pr
2025II.txt,Onbekend,Daarom worden bep
2025II.txt,Voeding en vertering,Geef de naam van een enzym dat voor dit doel kan worden Verklaar hoe toevoeging van dit enzym de ethanol
2025II.txt,Stofwisseling van de cel,Voor de productie van ethanol is het belangrijk dat er zuurstof ig is bij de gis
2025II.txt,Onbekend,Noteer de naam van het proces dat in deze gistcelle
2025II.txt,Stofwisseling van de cel,n optreedt waardoor Als er zuurstof aanwez
2025II.txt,Onbekend,re eindproducten ontstaan in de gistcellen
2025II.txt,Onbekend,Geef de namen van de eindpro
2025II.txt,Stofwisseling van de cel,en die ontstaan bij het proces dat plaatsvindt als zuurstof aanwezig is
2025II.txt,Erfelijkheid,Stefan Hol stelde het volgende model op om deze uitstoot per kilogram suik erbiet te kunnen ber
2025II.txt,Onbekend,Stefan Hol gebruikte in zijn ber
2025II.txt,Erfelijkheid,gen gemiddelde waarden en ging uit van de situatie zoals die in
2025II.txt,Uitscheiding,Geef een manier waar op akkerbouwers bij de t eelt van suikerbieten de uitstoot per kilogram su ikerbiet kunnen verminderen
